1.督脈 ,,,,,,,
経絡, 経穴,部位 ,要穴 ,筋肉<神経(筋枝)> ,神経(皮枝) ,血管 ,ランク 
督脈 ,長強 ,会陰部、尾骨の下方、尾骨端と[[肛門]]の中央 ,【督脈の絡穴】 ,肛門尾骨靭帯/外肛門括約筋<陰部N(下直腸N)> ,陰部N(下直腸N) ,内陰部A(下直腸A) ,S 
督脈 ,腰兪 ,仙骨部、後正中線上、[[仙骨裂孔 ]], ,浅後仙尾靱帯 ,仙骨N後枝 ,下殿A ,C 
督脈 ,腰陽関 ,腰部、後正中線上、[[第４腰椎]]棘突起下方の陥凹部 , ,棘上靭帯・棘間靭帯/棘間筋<腰N後枝> ,腰N後枝 ,腰A背枝 ,A 
督脈 ,命門 ,腰部、後正中線上、[[第２腰椎]]棘突起下方の陥凹部 , ,棘上靭帯・棘間靭帯/棘間筋<腰N後枝> ,腰N後枝 ,腰A背枝 ,S 
督脈 ,懸枢 ,腰部、後正中線上、[[第１腰椎]]棘突起下方の陥凹部 , ,棘上靭帯・棘間靭帯/棘間筋<腰N後枝> ,腰N後枝 ,腰A背枝 ,C 
督脈 ,脊中 ,上背部、後正中線上、[[第１１胸椎]]棘突起下方の陥凹部 , ,棘上靭帯・棘間靭帯 ,胸N後枝 ,肋間A背枝 ,C 
督脈 ,中枢 ,上背部、後正中線上、[[第１０胸椎]]棘突起下方の陥凹部 , ,棘上靭帯・棘間靭帯 ,胸N後枝 ,肋間A背枝 ,C 
督脈 ,筋縮 ,上背部、後正中線上、[[第９胸椎]]棘突起下方の陥凹部 , ,棘上靭帯・棘間靭帯 ,胸N後枝 ,肋間A背枝 ,C 
督脈 ,至陽 ,上背部、後正中線上、[[第７胸椎]]棘突起下方の陥凹部 , ,棘上靭帯・棘間靭帯 ,胸N後枝 ,肋間A背枝 ,A 
督脈 ,霊台 ,上背部、後正中線上、[[第６胸椎]]棘突起下方の陥凹部 , ,棘上靭帯・棘間靭帯 ,胸N後枝 ,肋間A背枝 ,C 
督脈 ,神道 ,上背部、後正中線上、[[第５胸椎]]棘突起下方の陥凹部 , ,棘上靭帯・棘間靭帯 ,胸N後枝 ,肋間A背枝 ,B 
督脈 ,身柱 ,上背部、後正中線上、[[第３胸椎]]棘突起下方の陥凹部 , ,棘上靭帯・棘間靭帯 ,胸N後枝 ,肋間A背枝 ,A 
督脈 ,陶道 ,上背部、後正中線上、[[第１胸椎]]棘突起下方の陥凹部 , ,棘上靭帯・棘間靭帯 ,胸N後枝 ,肋間A背枝 ,A 
督脈 ,大椎 ,後頸部、後正中線上、[[第７頸椎]]棘突起下方の陥凹部 , ,棘上靭帯・棘間靭帯/棘間筋<頸N後枝> ,頸N後枝 ,頸橫A上行枝 ,S 
督脈 ,瘂門 ,後頸部、後正中線上、[[第２頸椎]]棘突起上方の陥凹部 , ,項靭帯/棘間筋<頸N後枝> ,頸N後枝 ,頸横A上行枝 ,S 
督脈 ,風府 ,後頸部、後正中線上、[[外後頭隆起の直下]]、左右の僧帽筋間の陥凹部 , ,項靭帯 ,大後頭N ,後頭A・頸横A上行枝 ,A 
督脈 ,脳戸 ,頭部、[[外後頭隆起上方]]の陥凹部 , ,後頭筋<顔面N> ,大後頭N ,後頭A ,C 
督脈 ,強間 ,頭部、後正中線上、[[後髪際の上方４寸 ]], ,帽状腱膜 ,大後頭N ,後頭A ,C 
督脈 ,後頂 ,頭部、後正中線上、[[後髪際の上方５寸５分 ]], ,帽状腱膜 ,大後頭N ,後頭A ,C 
督脈 ,百会 ,頭部、前正中線上、[[前髪際の後方５寸 ]], ,帽状腱膜 ,大後頭N/眼N(三叉N第1枝) ,眼窩上A・浅側頭A・後頭A ,S 
督脈 ,前頂 ,頭部、前正中線上、[[前髪際の後方３寸５分 ]], ,帽状腱膜 ,眼N(三叉N第1枝) ,眼窩上A ,C 
督脈 ,顖会 ,頭部、前正中線上、[[前髪際の後方２寸 ]], ,帽状腱膜/前頭筋<顔面N(側頭枝・頬骨枝)> ,眼N(三叉N第1枝) ,眼窩上A ,C 
督脈 ,上星 ,頭部、前正中線上、[[前髪際の後方１寸 ]], ,前頭筋<顔面N(側頭枝・頬骨枝)> ,眼N(三叉N第1枝) ,滑車上A・眼窩上A ,A 
督脈 ,神庭 ,頭部、前正中線上、[[前髪際の後方５分 ]], ,前頭筋<顔面N(側頭枝・頬骨枝)> ,眼N(三叉N第1枝) ,滑車上A・眼窩上A ,C 
督脈 ,素髎 ,顔面部、[[鼻の尖端 ]], , ,眼N(三叉N第1枝) ,顔面A・鼻背A ,A 
督脈 ,水溝 ,顔面部、[[人中溝]]の中点 , ,口輪筋<顔面N(頬筋枝・下顎縁枝)> ,上顎N(三叉N第2枝) ,上唇A ,S 
督脈 ,兌端 ,顔面部、[[上唇結節上縁]]の中点 , ,口輪筋<顔面N(頬筋枝・下顎縁枝)> ,上顎N(三叉N第2枝) ,上唇A ,C 
督脈 ,齦交 ,顔面部、[[上歯齦、上唇小帯]]の接合部 , ,上唇小帯 ,上顎N(三叉N第2枝) ,前上歯槽A ,C 
2.任脈 ,,,,,,,
経絡,経穴 ,部位 ,要穴 ,筋肉<神経(筋枝)> ,神経(皮枝) ,血管 ,ランク 
任脈 ,会陰 ,会陰部、男性は陰嚢根部と肛門を結ぶ線の中点、[[会陰部]]、女性は後陰唇交連と肛門を結ぶ線の中点 , ,会陰腱中心/外肛門括約筋<陰部N> ,後大腿皮N(会陰枝)・陰部N(下直腸N・会陰N) ,内陰部A ,C 
任脈 ,曲骨 ,下腹部、前正中線上、[[恥骨結合上縁 ]], ,白線 ,腸骨下腹N(前皮枝)・腸骨鼡径N ,浅腹壁A・下腹壁A ,C 
任脈 ,中極 ,下腹部、前正中線上、臍中央の[[下方４寸 ]],【膀胱の募穴】 ,白線 ,腸骨下腹N(前皮枝) ,浅腹壁A・下腹壁A ,S 
任脈 ,関元 ,下腹部、前正中線上、臍中央の[[下方３寸 ]],【小腸の募穴】 ,白線 ,肋間N(前皮枝)・腸骨下腹N(前皮枝） ,浅腹壁A・下腹壁A ,S 
任脈 ,石門 ,下腹部、前正中線上、臍中央の[[下方２寸 ]],【三焦の募穴】 ,白線 ,肋間N(前皮枝) ,浅腹壁A・下腹壁A ,B 
任脈 ,気海 ,下腹部、前正中線上、臍中央の[[下方１寸５分 ]], ,白線 ,肋間N(前皮枝) ,浅腹壁A・下腹壁A ,S 
任脈 ,陰交 ,下腹部、前正中線上、臍中央の[[下方１寸 ]], ,白線 ,肋間N(前皮枝) ,浅腹壁A・下腹壁A ,C 
任脈 ,神闕 ,上腹部、[[臍の中央 ]], , ,肋間N(前皮枝) ,浅腹壁A・下腹壁A・上腹壁A ,S 
任脈 ,水分 ,上腹部、前正中線上、臍中央の[[上方１寸 ]], ,白線 ,肋間N(前皮枝) ,上腹壁A ,A 
任脈 ,下脘 ,上腹部、前正中線上、臍中央の[[上方２寸 ]], ,白線 ,肋間N(前皮枝) ,上腹壁A ,S 
任脈 ,建里 ,上腹部、前正中線上、臍中央の[[上方３寸 ]], ,白線 ,肋間N(前皮枝) ,上腹壁A ,C 
任脈 ,中脘 ,上腹部、前正中線上、臍中央の[[上方４寸 ]],【胃の募穴】 ,白線 ,肋間N(前皮枝) ,上腹壁A ,S 
任脈 ,上脘 ,上腹部、前正中線上、臍中央の[[上方５寸 ]], ,白線 ,肋間N(前皮枝) ,上腹壁A ,S 
任脈 ,巨闕 ,上腹部、前正中線上、臍中央の[[上方６寸 ]],【心の募穴】 ,白線 ,肋間N(前皮枝) ,上腹壁A ,A 
任脈 ,鳩尾 ,上腹部、前正中線上、[[胸骨体下端の下方１寸 ]],【任脈の絡穴】 ,白線 ,肋間N(前皮枝) ,上腹壁A ,B 
任脈 ,中庭 ,前胸部、前正中線上、[[胸骨体下端]]の中点 , , ,肋間N(前皮枝) ,内胸Aの技 ,C 
任脈 ,膻中 ,前胸部、前正中線上、[[第４肋間]]と同じ高さ ,【心包の募穴】 【八会穴の気会】 , ,肋間N(前皮枝) ,内胸Aの技 ,S 
任脈 ,玉堂 ,前胸部、前正中線上、[[第３肋間]]と同じ高さ , , ,肋間N(前皮枝) ,内胸Aの技 ,C 
任脈 ,紫宮 ,前胸部、前正中線上、[[第２肋間]]と同じ高さ , , ,肋間N(前皮枝) ,内胸Aの枝 ,C 
任脈 ,華蓋 ,前胸部、前正中線上、[[第１肋間]]と同じ高さ , , ,鎖骨上N・肋間N(前皮枝) ,内胸Aの技 ,C 
任脈 ,璇璣 ,前胸部、前正中線上、[[頸窩(胸骨上窩)の下方１寸 ]], , ,鎖骨上N・肋間N(前皮枝) ,内胸Aの技 ,C 
任脈 ,天突 ,前頸部、前正中線上、[[頸窩(胸骨上窩)]]の中央 , ,胸骨舌骨筋<頭Nワナ> ,頸横N ,下甲状腺A ,S 
任脈 ,廉泉 ,前頸部、前正中線上、喉頭隆起上方、[[舌骨]]の上方陥凹部 , , ,頸横N ,上甲状腺A ,S 
任脈 ,承漿 ,顔面部、[[オトガイ唇溝]]中央の陥凹部 , ,口輪筋・下唇下制筋<顔面N(下顎縁枝)> ,下顎N(三叉N第3枝) ,下唇A ,A 
3.手の太陰肺経 ,,,,,,,
経絡,経穴 ,部位 ,要穴 ,筋肉<神経(筋枝)> ,神経(皮枝) ,血管 ,ランク 
手の太陰肺経 ,中府 ,前胸部、[[第１肋間]]と同じ高さ、鎖骨下窩の外側、[[前正中線の外方６寸 ]],【肺の募穴】 ,大胸筋・小胸筋<内側・外側胸筋N> ,鎖骨上N ,胸肩峰A・外側胸A ,S 
手の太陰肺経 ,雲門 ,前胸部、[[鎖骨下窩]]の陥凹部、烏口突起の内方、[[前正中線の外方６寸 ]], , ,鎖骨上N ,胸肩峰A・外側胸A ,C 
手の太陰肺経 ,天府 ,上腕前外側、[[上腕二頭筋外側縁]]、腋窩横紋前端の[[下方３寸 ]], ,上腕二頭筋・上腕筋<筋皮N> ,上外側上腕皮N ,上腕Aの枝 ,C 
手の太陰肺経 ,侠白 ,上腕前外側、[[上腕二頭筋外側縁]]、腋窩横紋前端の[[下方４寸 ]], ,上腕二頭筋・上腕筋<筋皮N> ,上外側上腕皮N ,上腕Aの技 ,C 
手の太陰肺経 ,尺沢 ,肘前部、[[肘窩横紋上]]、[[上腕二頭筋腱外方]]の陥凹部 ,【肺経の合水穴】 ,上腕二頭筋腱・上腕筋<筋皮N> ,外側前腕皮N ,橈側反回A(橈骨Aの技) ,S 
手の太陰肺経 ,孔最 ,前腕前外側、[[尺沢と太淵を結ぶ線上]]、手関節掌側横紋の[[上方７寸 ]],【肺経の郄穴】 ,腕橈骨筋<橈骨N>/円回内筋<正中N> ,外側前腕皮N ,橈骨A ,A 
手の太陰肺経 ,列欠 ,前腕橈側、[[長母指外転筋腱と短母指伸筋腱の間]]、手関節掌側横紋の[[上方１寸５分 ]],【肺経の絡穴】 【四総穴/頭項】 【八脈交会穴】 ,腕橈骨筋腱・長母指外転筋腱・短母指伸筋腱<橈骨N> ,外側前腕皮N ,橈骨A ,S 
手の太陰肺経 ,経渠 ,前腕前外側、橈骨下端の橈側で外側に最も突出した部位と橈骨動脈の間、手関節掌側横紋の[[上方１寸 ]],【肺経の経金穴】 ,腕橈骨筋腱・長母指外転筋腱<橈骨N> ,外側前腕皮N ,橈骨A ,B 
手の太陰肺経 ,太淵 ,手関節前外側、橈骨茎状突起と[[舟状骨]]の間、長母指外転筋腱の尺側陥凹部 ,【肺の原穴】 【肺経の兪土穴】 【八会穴の脈会】 , ,外側前腕皮N ,橈骨A ,S 
手の太陰肺経 ,魚際 ,手掌、[[第一中手骨中点の橈側]]、赤白肉際 ,【肺経の滎火穴】 ,短母指外転筋・母指対立筋<正中N> ,橈骨N浅枝 ,母指主Aの枝 ,A 
手の太陰肺経 ,少商 ,母指、末節骨[[橈側]]、爪甲角の近位外方１分(指寸)、爪甲橈側縁の垂線と爪甲基底部の水平線との交点 ,【肺経の井木穴】 , ,橈骨N浅枝 ,母指橈側A・母指主Aの枝 ,S 
4.手の陽明大腸経 ,,,,,,,
経絡,経穴 ,部位 ,要穴 ,筋肉<神経(筋枝)> ,神経(皮枝) ,血管 ,ランク 
手の陽明大腸経,商陽 ,示指、末節骨[[橈側]]、爪甲角の近位外方１分(指寸)、爪甲橈側縁の垂線と爪甲基底部の水平線の交点 ,【大腸経の井金穴】 , ,正中N ,背側指A ,A 
手の陽明大腸経,二間 ,示指、[[第２中手指節関節橈側の遠位]]陥凹部、赤白肉際 ,【大腸経の滎水穴】 ,﻿第1背側骨間筋腱<尺骨N> ,橈骨N浅枝 ,背側指A ,B 
手の陽明大腸経,三間 ,手背、[[第２中手指節関節橈側の近位]]陥凹部 ,【大腸経の兪木穴】 ,﻿第1背側骨間筋腱<尺骨N> ,橈骨N浅枝 ,背側指A ,A 
手の陽明大腸経,合谷 ,手背、[[第２中手骨中点の橈側 ]],【大腸の原穴】 【四総穴/面口】 ,﻿第1背側骨間筋腱<尺骨N> ,橈骨N浅枝 ,第1背側中手A ,S 
手の陽明大腸経,陽渓 ,手関節後外側、手関節背側横紋橈側、橈骨茎状突起の遠位、[[タバコ窩]](橈骨小窩)の陥凹部 ,【大腸経の経火穴】 ,長母指伸筋腱・短母指伸筋腱<橈骨N> ,橈骨N浅枝 ,橈骨A ,A 
手の陽明大腸経,偏歴 ,前腕後外側、[[陽渓と曲池を結ぶ線上]]、手関節背側横紋の[[上方３寸 ]],【大腸経の絡穴】 ,長母指外転筋<骨N> ,外側前腕皮N ,橈骨A ,A 
手の陽明大腸経,温溜 ,前腕後外側、[[陽渓と曲池を結ぶ線上]]、手関節背側横紋の[[上方５寸 ]],【大腸経の郄穴】 ,長橈側手根伸筋・短橈側手根伸筋<橈骨N> ,外側前腕皮N ,橈骨A ,A 
手の陽明大腸経,下廉 ,前腕後外側、[[陽渓と曲池を結ぶ線上]]、肘窩横紋の[[下方４寸 ]], ,長橈側手根伸筋・短橈側手根伸筋<橈骨N> ,外側前腕皮N ,橈骨A ,C 
手の陽明大腸経,上廉 ,前腕後外側、[[陽渓と曲池を結ぶ線上]]、肘窩横紋の[[下方３寸 ]], ,長橈側手根伸筋・短橈側手根伸筋<橈骨N> ,外側前腕皮N ,橈骨A ,C 
手の陽明大腸経,手三里 ,前腕後外側、[[陽渓と曲池を結ぶ線上]]、肘窩横紋の[[下方２寸 ]], ,長橈側手根伸筋・短橈側手根伸筋<橈骨N> ,外側前腕皮N ,橈骨A ,A 
手の陽明大腸経,曲池 ,肘外側、[[尺沢と上腕骨外側上顆]]を結ぶ線上の中点 ,【大腸経の合土穴】 ,長橈側手根伸筋・短橈側手根伸筋<橈骨N> ,外側前腕皮N ,橈側側副A(上腕深Aの枝) ,S 
手の陽明大腸経,肘髎 ,肘後外側、上腕骨外側上顆の上縁、[[外側顆上稜]]の前縁 , ,長橈側手根伸筋<橈骨N> ,下外側上腕皮N/後前腕皮N ,橈側側副A(上腕深Aの枝) ,C 
手の陽明大腸経,手五里 ,上腕外側、[[曲池と肩髃を結ぶ線上]]、肘窩横紋の[[上方３寸 ]], ,上腕三頭筋<橈骨N>/上腕筋<筋皮N> ,下外側上腕皮N/後前腕皮N ,上腕深A ,C 
手の陽明大腸経,臂臑 ,上腕外側、[[三角筋前縁]]、[[曲池の上方７寸 ]], ,三角筋<腋窩N>/上腕二頭筋<筋皮N> ,上外側上腕皮N ,上腕深A(三角筋枝) ,A 
手の陽明大腸経,肩髃 ,肩周囲部、[[肩峰]]外縁の[[前]]端と[[上腕骨大結節の間]]の陥凹部 , ,三角筋<腋窩N> ,鎖骨上N ,胸肩峰A(三角筋枝) ,S 
手の陽明大腸経,巨骨 ,肩周囲部、[[鎖骨]]の肩峰端[[と肩甲棘の間]]の陥凹部 , ,僧帽筋<副N・頸N叢の枝>/棘上筋<肩甲上N> ,鎖骨上N ,肩甲上A ,C 
手の陽明大腸経,天鼎 ,前頸部、[[輪状軟骨と同じ高さ]]、[[胸鎖乳突筋の後縁 ]], ,広頭筋<顔面N(頸枝)>/胸鎖乳突筋<副N・頸N叢の枝>/前・中斜角筋<頸N前枝> ,鎖骨上N ,上行頸A浅頸A ,C 
手の陽明大腸経,扶突 ,前頸部、[[甲状軟骨上縁と同じ高さ]]、胸鎖乳突筋の前縁と後縁の間 , ,広頭筋<顔面N(頸枝)>/胸鎖乳突筋<副N・頸N叢の枝>/前斜角筋<頸N前枝> ,鎖骨上N ,胸鎖乳突筋枝(外頸Aの枝) ,A 
手の陽明大腸経,禾髎 ,顔面部、[[人中溝中点]]と同じ高さ、[[鼻孔外縁]]の下方 , ,﻿口輪筋<顔面N(頬筋枝・下顎縁枝)> ,上顎N(三叉N第2枝) ,上唇A ,C 
手の陽明大腸経,迎香 ,顔面部、[[鼻唇溝中]]、鼻翼外縁中点と同じ高さ , ,上唇鼻翼挙筋・上唇挙筋・小頬骨筋<顔面N(頬筋枝)> ,上顎N(三叉N第3枝) ,眼角A ,S 
5.足の陽明胃経 ,,,,,,,
経絡,経穴 ,部位 ,要穴 ,筋肉<神経(筋枝)> ,神経(皮枝) ,血管 ,ランク 
足の陽明胃経 ,承泣 ,顔面部、眼球と[[眼窩下縁]]の間、[[瞳孔線上 ]], ,眼輪筋<顔面N(側頭枝・頬筋枝)> ,上顎N(三叉N第2枝) ,眼窩下A ,S 
足の陽明胃経 ,四白 ,顔面部、[[眼窩下孔部 ]], ,眼輪筋<顔面N(側頭枝・頬筋枝)> ,上顎N(三叉N第2枝) ,眼窩下A ,A 
足の陽明胃経 ,巨髎 ,顔面部、[[瞳孔線上]]、[[鼻翼下縁]]と同じ高さ , ,小頬骨筋<顔面N(頬筋枝)> ,上顎N(三叉N第2枝) ,眼窩下A・顔面Aの技 ,A 
足の陽明胃経 ,地倉 ,顔面部、[[口角の外方４分]](指寸) , ,口輪筋<顔面N(頬筋枝・下顎緑枝)> ,上顎N(三叉N第2枝)/下顎N(三叉N第3枝) ,顔面A ,A 
足の陽明胃経 ,大迎 ,顔面部、下顎角の前方、[[咬筋]]付着部の前方陥凹部、[[顔面動脈上 ]], ,広頸筋<顔面N(頸枝)>/咬筋<下顎N> ,下顎N(三叉N第3枝) ,顔面A ,A 
足の陽明胃経 ,頬車 ,顔面部、[[下顎角の前上方１横指(中指) ]], ,咬筋<下顎N> ,下顎N(三叉N第3枝)/大耳介N ,浅側頭A ,S 
足の陽明胃経 ,下関 ,顔面部、[[頬骨弓の下縁中点]]と下顎切痕の間の陥凹部 , ,咬筋・外側翼突筋<下顎N> ,下顎N(三叉N第3枝) ,顔面横A ,S 
足の陽明胃経 ,頭維 ,頭部、[[額角髪際の直上５分]]、[[前正中線の外方４寸５分 ]], ,前頭筋<顔面N(側頭枝)> ,眼N(三叉N第1枝)/上顎N(三叉N第2枝) ,浅側頭A ,A 
足の陽明胃経 ,人迎 ,前頸部、[[甲状軟骨上縁と同じ高さ]]、[[胸鎖乳突筋の前縁、総頸動脈上 ]], ,広頸筋<顔面N(頸枝)>/胸鎖乳突筋<副N・頸N叢の枝＞ ,頸橫N ,総頸A ,B 
足の陽明胃経 ,水突 ,前頸部、[[輪状軟骨と同じ高さ]]、[[胸鎖乳突筋の前縁 ]], ,広頸筋<顔面N(頸枝)>/胸鎖乳突筋<副N・頸N叢の枝＞ ,頸橫N ,総頸A ,C 
足の陽明胃経 ,気舎 ,前頸部、[[小鎖骨上窩]]で鎖骨胸骨端の上方、胸鎖乳突筋の胸骨頭と鎖骨頭の間の陥凹部 , ,広頸筋<顔面N(頸枝)>/胸鎖乳突筋<副N・頸N叢の枝＞ ,鎖骨上N ,総頸A ,C 
足の陽明胃経 ,欠盆 ,前頸部、[[大鎖骨上窩]]、[[前正中線の外方４寸]]、鎖骨上方の陥凹部 , ,広頸筋<顔面N(頸枝)>/前・中科角筋<頸N前枝> ,鎖骨上N ,鎖骨下A ,B 
足の陽明胃経 ,気戸 ,前胸部、[[鎖骨下縁]]、[[前正中線の外方４寸 ]], ,広頸筋<顔面N(頸枝)>/大胸筋<内側・外側胸筋N>/鎖骨下筋<鎖骨下筋N> ,鎖骨上N ,腋窩A ,C 
足の陽明胃経 ,庫房 ,前胸部、[[第１肋間]]、[[前正中線の外方４寸 ]], ,大胸筋<内側・外側胸筋N> ,鎖骨上N/肋間N(前皮枝) ,胸肩峰A・肋間A ,C 
足の陽明胃経 ,屋翳 ,前胸部、[[第２肋間]]、[[前正中線の外方４寸 ]], ,大胸筋・小胸筋<内側・外側胸筋N> ,肋間N(前皮枝・外側皮枝) ,胸肩峰A・肋間A ,C 
足の陽明胃経 ,膺窓 ,前胸部、[[第３肋間]]、[[前正中線の外方４寸 ]], ,大胸筋・小胸筋<内側・外側胸筋N> ,肋間N(前皮枝・外側皮枝) ,胸肩峰A・肋間A ,C 
足の陽明胃経 ,乳中 ,前胸部、[[乳頭中央 ]], ,大胸筋・小胸筋<内側・外側胸筋N> ,肋間N(前皮枝・外側皮枝) ,胸肩峰A・肋間A ,C 
足の陽明胃経 ,乳根 ,前胸部、[[第５肋間]]、[[前正中線の外方４寸 ]], ,大胸筋<内側・外側胸筋N> ,肋間N(前皮枝・外側皮枝) ,胸肩峰A・肋間A ,A 
足の陽明胃経 ,不容 ,上腹部、臍中央の[[上方６寸]]、[[前正中線の外方２寸 ]], ,腹直筋<肋間N> ,肋間N(前皮枝) ,肋間A・上腹壁A ,B 
足の陽明胃経 ,承満 ,上腹部、臍中央の[[上方５寸]]、[[前正中線の外方２寸 ]], ,腹直筋<肋間N> ,肋間N(前皮枝) ,上腹壁A ,C 
足の陽明胃経 ,梁門 ,上腹部、臍中央の[[上方４寸]]、[[前正中線の外方２寸 ]], ,腹直筋<肋間N> ,肋間N(前皮枝) ,上腹壁A ,S 
足の陽明胃経 ,関門 ,上腹部、臍中央の[[上方３寸]]、[[前正中線の外方２寸 ]], ,腹直筋<肋間N> ,肋間N(前皮枝) ,上腹壁A ,C 
足の陽明胃経 ,太乙 ,上腹部、臍中央の[[上方２寸]]、[[前正中線の外方２寸 ]], ,腹直筋<肋間N> ,肋間N(前皮枝) ,上腹壁A ,C 
足の陽明胃経 ,滑肉門 ,上腹部、臍中央の[[上方１寸]]、[[前正中線の外方２寸 ]], ,腹直筋<肋間N> ,肋間N(前皮枝) ,上腹壁A ,C 
足の陽明胃経 ,天枢 ,上腹部、[[臍中央の外方２寸 ]],【大腸の募穴】 ,腹直筋<肋間N> ,肋間N(前皮枝) ,浅腹壁A・上腹壁A・下腹壁A ,S 
足の陽明胃経 ,外陵 ,下腹部、臍中央の[[下方１寸]]、前正中線の[[外方２寸 ]], ,腹直筋<肋間N> ,肋間N(前皮枝) ,浅腹壁A・下腹壁A ,C 
足の陽明胃経 ,大巨 ,下腹部、臍中央の[[下方２寸]]、前正中線の[[外方２寸 ]], ,腹直筋<肋間N> ,肋間N(前皮枝) ,浅腹壁A・下腹壁A ,A 
足の陽明胃経 ,水道 ,下腹部、臍中央の[[下方３寸]]、前正中線の[[外方２寸 ]], ,腹直筋<肋間N> ,肋間N(前皮枝)・腸骨下腹N(前皮枝) ,浅腹壁A・下腹壁A ,C 
足の陽明胃経 ,帰来 ,下腹部、臍中央の[[下方４寸]]、前正中線の[[外方２寸 ]], ,腹直筋・外腹斜筋・内腹斜筋<肋間N> ,肋間N(前皮枝)・腸骨下腹N(前皮枝) ,浅腹壁A・下腹壁A ,S 
足の陽明胃経 ,気衝 ,鼡径部、[[恥骨結合上縁と同じ高さで]]、前正中線の外方２寸、[[大腿動脈拍動部 ]], ,外腹斜筋・内腹斜筋<肋間N・腸骨下腹N(前皮枝)・腸骨鼡径N> ,肋間N(前皮枝)・腸骨下腹N(前皮枝) ,浅腹壁A・下腹壁A・大腿A ,C 
足の陽明胃経 ,髀関 ,大腿前面、[[３筋]]の近位部の間の陥凹部、[[※３筋：大腿直筋と縫工筋と大腿筋膜張筋 ]], ,縫工筋・大腿直筋<大腿N>/大腿筋膜張筋<上殿N> ,外側大腿皮N ,外側大腿回旋A ,A 
足の陽明胃経 ,伏兎 ,大腿前外側、[[膝蓋骨底外端と上前腸骨棘を結ぶ線上]]、[[膝蓋骨底の上方６寸 ]], ,縫工筋・外側広筋<大腿N> ,外側大腿皮N/大腿N(前皮枝) ,外側大腿回旋A ,A 
足の陽明胃経 ,陰市 ,大腿前外側、大腿直筋腱の外側で[[膝蓋骨底の上方３寸 ]], ,外側広筋<大腿N> ,外側大腿皮N/大腿N(前皮枝) ,外側大腿回旋A ,C 
足の陽明胃経 ,梁丘 ,大腿前外側、外側広筋と大腿直筋腱外縁の間、[[膝蓋骨底の上方２寸 ]],【胃経の郄穴】 ,外側広筋<大腿N> ,外側大腿皮N/大腿N(前皮枝) ,外側大腿回旋A/外側上膝A ,A 
足の陽明胃経 ,犢鼻 ,膝前面、[[膝蓋靱帯外方の陥凹部 ]], ,膝蓋靱帶 ,伏在N膝蓋下枝 ,外側下膝A ,A 
足の陽明胃経 ,足三里 ,下腿前面、[[犢鼻と解渓を結ぶ線上]]、[[犢鼻の下方３寸 ]],【胃経の合土穴】 【四総穴/肚腹】 【胃の下合穴】 ,前脛骨筋<深腓骨N> ,外側腓腹皮N ,前脛骨A ,S 
足の陽明胃経 ,上巨虚 ,下腿前面、[[犢鼻と解渓を結ぶ線上]]、[[犢鼻の下方６寸 ]],【大腸の下合穴】 ,前脛骨筋<深腓骨N> ,外側腓腹皮N ,前脛骨A ,S 
足の陽明胃経 ,条口 ,下腿前面、[[犢鼻と解渓を結ぶ線上]]、[[犢鼻の下方８寸 ]], ,前脛骨筋<深腓骨N> ,外側腓腹皮N ,前脛骨A ,A 
足の陽明胃経 ,下巨虚 ,下腿前面、[[犢鼻と解渓を結ぶ線上]]、[[犢鼻の下方９寸 ]],【小腸の下合穴】 ,前脛骨筋<深腓骨N> ,外側腓腹皮N ,前脛骨A ,B 
足の陽明胃経 ,豊隆 ,下腿前外側、[[前脛骨筋の外縁]]、[[外果尖の上方８寸 ]],【胃経の絡穴】 ,前脛骨筋・長指伸筋<深腓骨N> ,外側腓腹皮N ,前脛骨A ,S 
足の陽明胃経 ,解渓 ,足関節前面、[[足関節前面中央]]の陥凹部、[[長母指伸筋腱と長指伸筋腱の間 ]],【胃経の経火穴】 ,長母指伸筋腱/長指伸筋腱<深腓骨N> ,浅腓骨N ,前脛骨A ,S 
足の陽明胃経 ,衝陽 ,足背、第２中足骨底部と[[中間楔状骨]]の間、[[足背動脈拍動部 ]],【胃の原穴】 ,長指伸筋腱・短母指伸筋腱<深腓骨N> ,浅腓骨N ,足背A ,A 
足の陽明胃経 ,陥谷 ,足背、[[第２・第３中足骨間]]、[[第２中足指節関節の近位]]陥凹部 ,【胃経の兪木穴】 ,短指伸筋腱<深腓骨N>/第2背側骨間筋腱<外側足底N> ,浅腓骨N ,第2背側中足A ,B 
足の陽明胃経 ,内庭 ,足背、[[第２・第３指間]]、[[みずかき]]の後縁、赤白肉際 ,【胃経の滎水穴】 ,短指伸筋腱<深腓骨N>/第2背側骨間筋腱<外側足底N> ,浅腓骨N ,背側指A ,S 
足の陽明胃経 ,厲兌 ,足の[[第２指]]、末節骨[[外側]]、爪甲角の近位外方１分(指寸)、爪甲外側縁の垂線と爪甲基底部の水平線の交点 ,【胃経の井金穴】 , ,浅腓骨N ,背側指A ,A 
6.足の太陰脾経 ,,,,,,,
経絡,経穴 ,部位 ,要穴 ,筋肉<神経(筋枝)> ,神経(皮枝) ,血管 ,ランク 
足の太陰脾経 ,隠白 ,足の[[第１指]]、末節骨[[内側]]、爪甲角の近位内方１分指寸、爪甲内側縁の垂線と爪甲基底部の水平線の交点 ,【脾経の井木穴】 , ,浅腓骨N ,背側指A ,A 
足の太陰脾経 ,大都 ,足の第１指、[[第１中足指節関節内側の遠位]]陥凹部、赤白肉際 ,【脾経の滎火穴】 , ,浅腓骨N ,背側指A ,A 
足の太陰脾経 ,太白 ,足内側、[[第１中足指節関節内側の近位]]陥凹部、赤白肉際 ,【脾の原穴】 【脾経の兪土穴】 ,母指外転筋腱<内側足底N> ,浅腓骨N ,内側足底A浅枝 ,S 
足の太陰脾経 ,公孫 ,足内側、[[第１中足骨底内側の遠位]]陥凹部、赤白肉際 ,【脾経の絡穴】 【八脈交会穴】 ,母指外転筋腱・短母指屈筋(内側頭)<内側足底N> ,伏在N ,内側足根A ,S 
足の太陰脾経 ,商丘 ,足内側、内果の前下方、[[舟状骨粗面と内果尖の中央]]陥凹部 ,【脾経の経金穴】 , ,伏在N ,前内果A ,A 
足の太陰脾経 ,三陰交 ,下腿内側脛側、[[脛骨内縁の後際、内果尖の上方３寸 ]], ,後脛骨筋・長指屈筋<脛骨N> ,伏在N ,後脛骨A ,S 
足の太陰脾経 ,漏谷 ,下腿内側脛側、[[脛骨内縁の後際、内果尖の上方６寸 ]], ,後脛骨筋・長指屈筋<脛骨N> ,伏在N ,後脛骨A ,C 
足の太陰脾経 ,地機 ,下腿内側脛側、[[脛骨内縁の後際、陰陵泉の下方３寸 ]],【脾経の郄穴】 ,ヒラメ筋・長指屈筋<脛骨N> ,伏在N ,後脛骨A ,A 
足の太陰脾経 ,陰陵泉 ,下腿内側脛側、[[脛骨内側顆下縁と脛骨内縁が接する陥凹部 ]],【脾経の合水穴】 ,腓腹筋・半腱様筋腱<脛骨N> ,伏在N ,内側下膝A・下行膝A(伏在枝) ,S 
足の太陰脾経 ,血海 ,大腿前内側、[[内側広筋]]隆起部、膝蓋骨底内端の[[上方２寸 ]], ,内側広筋<大腿N> ,大腿N(前皮枝) ,下行膝A ,S 
足の太陰脾経 ,箕門 ,大腿内側、膝蓋骨底内端と衝門を結ぶ線上、衝門から３分の１、[[縫工筋と長内転筋の間]]、[[大腿動脈拍動部 ]], ,縫工筋<大腿N>/長内転筋<閉鎖N> ,大腿N(前皮枝) ,大腿A ,A 
足の太陰脾経 ,衝門 ,鼡径部、[[鼡径溝]]、[[大腿動脈拍動部の外方 ]], ,腸腰筋<腰N叢・大腿Nの枝> ,腸骨下腹N・腸骨鼡径N・陰部大腿A ,大腿A ,C 
足の太陰脾経 ,府舎 ,下腹部、臍中央の[[下方４寸３分]]、[[前正中線の外方４寸 ]], ,外腹斜筋・内腹斜筋<肋間N・腸骨下腹N・腸骨鼡径N> ,肋間N(前皮枝・外側皮枝)・腸骨下腹N ,浅腹壁A・下腹壁A ,C 
足の太陰脾経 ,腹結 ,下腹部、臍中央の[[下方１寸３分]]、[[前正中線の外方４寸 ]], ,外腹斜筋・内腹斜筋<肋間N・腸骨下腹N・腸骨鼡径N> ,肋間N(前皮枝・外側皮枝)・腸骨下腹N ,浅腹壁A・下腹壁A ,C 
足の太陰脾経 ,大横 ,上腹部、[[臍中央の外方４寸 ]], ,外腹斜筋・内腹斜筋<肋間N・腸骨下腹N・腸骨鼡径N> ,肋間N(前皮枝・外側皮枝) ,浅腹壁A・下腹壁A・上腹壁A ,A 
足の太陰脾経 ,腹哀 ,上腹部、臍中央の[[上方３寸]]、[[前正中線の外方４寸 ]], ,外腹斜筋・内腹斜筋<肋間N・腸骨下腹N・腸骨鼡径N> ,肋間N(前皮枝・外側皮枝) ,上腹壁A ,C 
足の太陰脾経 ,食竇 ,前胸部、[[第５肋間]]、前正中線の[[外方６寸 ]], ,大胸筋<内側・外側胸筋N> ,肋間N(外側皮枝) ,胸肩峰A・外側胸A・肋間A ,C 
足の太陰脾経 ,天渓 ,前胸部、[[第４肋間]]、前正中線の[[外方６寸 ]], ,大胸筋<内側・外側胸筋N> ,肋間N(外側皮枝) ,胸肩峰A・外側胸A・肋間A ,C 
足の太陰脾経 ,胸郷 ,前胸部、[[第３肋間]]、前正中線の[[外方６寸 ]], ,大胸筋・小胸筋<内側・外側胸筋N> ,肋間N(外側皮枝) ,胸肩峰A・外側胸A・肋間A ,C 
足の太陰脾経 ,周栄 ,前胸部、[[第２肋間]]、前正中線の[[外方６寸 ]], ,大胸筋・小胸筋<内側・外側胸筋N> ,肋間N(外側皮枝) ,胸肩峰A・外側胸A・肋間A ,C 
足の太陰脾経 ,大包 ,側胸部、[[第６肋間]]、[[中腋窩線上 ]],【脾の大絡の絡穴】 ,前鋸筋<長胸N>/肋間筋<肋間N> ,肋間N(外側皮枝) ,胸背A/肋間A ,B 
7.手の少陰心経 ,,,,,,,
経絡,経穴 ,部位 ,要穴 ,筋肉<神経(筋枝)> ,神経(皮枝) ,血管 ,ランク 
手の少陰心経 ,極泉 ,腋窩、腋窩中央、[[腋窩動脈拍動部 ]], , ,肋間N(外側皮枝)・内側上腕皮N ,腋窩A ,B 
手の少陰心経 ,青霊 ,上腕内側面、[[上腕二頭筋の内側縁]]、肘窩横紋の[[上方３寸 ]], ,上腕二頭筋・上腕筋(筋皮N) ,内側上腕皮N ,上腕A ,C 
手の少陰心経 ,少海 ,肘前内側、[[上腕骨内側上顆の前縁]]、肘窩横紋と同じ高さ ,【心経の合水穴】 ,円回内筋・焼側手根屈筋・長掌筋<正中N>/尺側手根屈筋<尺骨N> ,内側前腕皮N ,尺側反回A(尺骨Aの技)/下尺側側副A(上腕Aの技) ,A 
手の少陰心経 ,霊道 ,前腕前内側、[[尺側手根屈筋腱の橈側縁]]、手関節掌側横紋の[[上方１寸５分 ]],【心経の経金穴】 ,尺側手根屈筋腱・深指屈筋<尺骨N>/浅指屈筋<正中N> ,内側前腕皮N・尺骨N(掌皮枝) ,尺骨A ,B 
手の少陰心経 ,通里 ,前腕前内側、[[尺側手根屈筋腱の橈側縁]]、手関節掌側横紋の[[上方１寸 ]],【心経の絡穴】 ,尺側手根屈筋腱・深指屈筋<尺骨N>/浅指屈筋<正中N> ,内側前腕皮N・尺骨N(掌皮枝) ,尺骨A ,S 
手の少陰心経 ,陰郄 ,前腕前内側、[[尺側手根屈筋腱の橈側縁]]、手関節掌側横紋の[[上方５分 ]],【心経の郄穴】 ,尺側手根屈筋腱・深指屈筋<尺骨N>/浅指屈筋<正中N> ,内側前腕皮N・尺骨N(掌皮枝) ,尺骨A ,B 
手の少陰心経 ,神門 ,手関節前内側、[[尺側手根屈筋腱の橈側縁]]、[[手関節掌側横紋上 ]],【心の原穴】 【心経の兪土穴】 ,尺側手根屈筋腱・深指屈筋<尺骨N>/浅指屈筋<正中N> ,内側前腕皮N・尺骨N(掌皮枝) ,尺骨A ,S 
手の少陰心経 ,少府 ,手掌、[[第５中手指節関節の近位]]端と同じ高さ、[[第４・第５中手骨の間 ]],【心経の滎火穴】 ,虫様筋(第4)・掌側骨間筋(第3)<尺骨N> ,尺骨N(総掌側指N) ,総掌側指A ,A 
手の少陰心経 ,少衝 ,小指、末節骨[[橈側]]、爪甲角の近位外方１分(指寸)、爪甲橈側縁の垂線と爪甲基底部の水平線の交点 ,【心経の井木穴】 , ,尺骨N(背側指N) ,背側指A ,A 
8.手の太陽小腸経 ,,,,,,,
経絡,経穴 ,部位 ,要穴 ,筋肉<神経(筋枝)> ,神経(皮枝) ,血管 ,ランク 
手の太陽小腸経,少沢 ,小指、末節骨[[尺側]]、爪甲角の近位内方１分(指寸)、爪甲尺側縁の垂線と爪甲基底部の水平線の交点 ,【小腸経の井金穴】 , ,尺骨N(背側指N) ,背側指A ,S 
手の太陽小腸経,前谷 ,小指、[[第５中手指節関節尺側の遠位]]陥凹部、赤白肉際 ,【小腸経の滎水穴】 , ,尺骨N(背側指N) ,背側指A ,B 
手の太陽小腸経,後渓 ,手背、[[第５中手指節関節尺側の近位]]陥凹部、赤白肉際 ,【小腸経の兪木穴】 【八脈交会穴】 ,小指外転筋<尺骨N> ,尺骨N(背側指N) ,背側指A ,S 
手の太陽小腸経,腕骨 ,手関節後内側、[[第５中手骨底部と三角骨の間]]の陥凹部、赤白肉際 ,【小腸の原穴】 ,小指外転筋<尺骨N> ,尺骨N(背側指N) ,背側指A ,A 
手の太陽小腸経,陽谷 ,手関節後内側、[[三角骨と尺骨茎状突起の間]]の陥凹部 ,【小腸経の経火穴】 ,尺側手根伸筋腱<橈骨N> ,尺骨N(手背枝) ,尺骨A(背側手根枝) ,A 
手の太陽小腸経,養老 ,前腕後内側、[[尺骨頭橈側]]の陥凹部、手関節背側横紋の[[上方１寸 ]],【小腸経の郄穴】 , ,内側前腕皮N ,尺骨A(背側手根枝) ,A 
手の太陽小腸経,支正 ,前腕後内側、[[尺骨内縁と]]尺側手根[[屈筋]]の間、手関節背側横紋の[[上方５寸 ]],【小腸経の絡穴】 ,尺側手根屈筋<尺骨N> ,内側前腕皮N ,後骨間Aの枝 ,B 
手の太陽小腸経,小海 ,肘後内側、[[肘頭と上腕骨内側上顆の間の陥凹部 ]],【小腸経の合土穴】 ,尺側手根屈筋<尺骨N> ,内側前腕皮N ,尺側反回A(尺骨Aの枝)・上尺側側副A(上腕Aの枝) ,B 
手の太陽小腸経,肩貞 ,肩周囲部、肩関節の後下方、[[腋窩横紋後端の上方１寸 ]], ,三角筋・小円筋<腋窩N>/上腕三頭筋(長頭)<橈骨N>/大円筋<肩甲下N> ,上外側上腕皮N ,後上腕回旋A・肩甲回旋A ,A 
手の太陽小腸経,臑兪 ,肩周囲部、[[腋窩横紋後端]]の上方、[[肩甲棘の下方陥凹部 ]], ,三角筋<腋窩N>/棘下筋<肩甲上N> ,鎖骨上N ,後上腕回旋A/肩甲上A ,A 
手の太陽小腸経,天宗 ,肩甲部、[[肩甲棘の中点と肩甲骨下角]]を結んだ線上、肩甲棘から３分の１にある陥凹部 , ,棘下筋<肩甲上N> ,肋間N(外側皮枝)・胸N後枝 ,肩甲回旋A/肩甲上A ,A 
手の太陽小腸経,秉風 ,肩甲部、棘上窩、[[肩甲棘中点の上方 ]], ,僧帽筋<副N・頸N叢の枝>/棘上筋<肩甲上N> ,胸N後枝 ,肩甲上A ,A 
手の太陽小腸経,曲垣 ,肩甲部、[[肩甲棘内端の上方]]陥凹部 , ,僧帽筋<副N・頸N叢の枝>/棘上筋<肩甲上N> ,胸N後枝 ,頸横A・肩甲上A ,C 
手の太陽小腸経,肩外兪 ,上背部、[[第１胸椎棘突起下縁と同じ高さ]]、[[後正中線の外方３寸 ]], ,僧帽筋<副N・頸N叢の枝>/肩甲挙筋<肩甲背N> ,胸N後枝 ,頸横A ,A 
手の太陽小腸経,肩中兪 ,上背部、[[第７頸椎棘突起下縁と同じ高さ]]、[[後正中線の外方２寸 ]], ,僧帽筋<副N・頸N叢の枝>/肩甲挙筋<肩甲背N> ,胸N後枝 ,頸横A ,B 
手の太陽小腸経,天窓 ,前頸部、[[胸鎖乳突筋の後縁]]、[[甲状軟骨]]上縁と同じ高さ , ,広頭筋<顔面N(頭枝)>/胸鎖乳突筋<副N・頸N叢の枝> ,頸横N ,浅頸A ,C 
手の太陽小腸経,天容 ,前頸部、[[下顎角の後方]]、[[胸鎖乳突筋の前方]]陥凹部 , ,胸鎖乳突筋<副N・頸N叢の枝>/顎二腹筋後腹<顔面N(顎二腹筋枝)> ,大耳介N ,後頭A ,A 
手の太陽小腸経,顴髎 ,顔面部、[[外眼角の直下]]、[[頬骨下方の陥凹部 ]], ,小頬骨筋・大類骨筋<顔面N(頬骨枝)> ,上顎N(三叉N第2枝) ,顔面横A・眼窩下A ,A 
手の太陽小腸経,聴宮 ,顔面部、[[耳珠中央]]の前縁と下顎骨関節突起の間の陥凹部 , , ,下顎N(三叉N第3枝) ,浅側頭A ,A 
9.足の太陽膀胱経 ,,,,,,,
 経絡,経穴 ,部位 ,要穴 ,筋肉<神経(筋枝)> ,神経(皮枝) ,血管 ,ランク 
足の太陽膀胱経,睛明 ,顔面部、[[内眼角の内]]上方と眼窩内側壁の間の陥凹部 , ,内側眼臉靱帯/眼輪筋<顏面N(側頭枝・頬骨枝)> ,眼N(三叉N第1枝) ,眼角A ,S 
足の太陽膀胱経,攅竹 ,頭部、[[眉毛内端]]の陥凹部 , ,眼輪筋・前頭筋・皺眉筋<顔面N(頭枝・頬骨枝)> ,眼N(三叉N第1枝) ,滑車上A ,S 
足の太陽膀胱経,眉衝 ,頭部、[[前頭切痕]]の上方、[[前髪際の後方５分 ]], ,前頭筋<顔面N(側頭枝)> ,眼N(三叉N第1枝) ,滑車上A・眼窩上A ,C 
足の太陽膀胱経,曲差 ,頭部、[[前髪際の後方５分]]、前正中線の[[外方１寸５分 ]], ,前頭筋<顔面N(側頭枝)> ,眼N(三叉N第1枝) ,滑車上A・眼窩上A ,C 
足の太陽膀胱経,五処 ,頭部、前髪際の[[後方１寸]]、前正中線の[[外方１寸５分 ]], ,帽状腱膜/<顔面N(側頭枝)> ,眼N(三叉N第1枝) ,眼窩上A ,C 
足の太陽膀胱経,承光 ,頭部、前髪際の[[後方２寸５分]]、前正中線の[[外方１寸５分 ]], ,帽状腱膜 ,眼N(三叉N第1枝) ,眼窩上A・浅側頭Aの技 ,C 
足の太陽膀胱経,通天 ,頭部、前髪際の[[後方４寸]]、前正中線の[[外方１寸５分 ]], ,帽状腱膜 ,眼N(三叉N第1枝) ,眼窩上A・浅側頭Aの技 ,A 
足の太陽膀胱経,絡却 ,頭部、前髪際の[[後方５寸５分]]、後正中線の[[外方１寸５分 ]], ,帽状腱膜 ,大後頭N ,後頭A・浅側頭Aの技 ,C 
足の太陽膀胱経,玉枕 ,頭部、[[外後頭隆起上縁]]と同じ高さ、後正中線の[[外方１寸３分 ]], ,後頭筋<顔面N(後頭枝)> ,大後頭N ,後頭A ,C 
足の太陽膀胱経,天柱 ,後頸部、[[第２頸椎棘突起上縁]]と同じ高さ、僧帽筋外縁の陥凹部 , ,僧帽筋<副N・頸N叢の枝>/頭板状筋・頭半棘筋<脊髄N後技> ,大後頭N ,後頭A ,A 
足の太陽膀胱経,大杼 ,上背部、[[第１胸椎棘突起下縁]]と同じ高さ、後正中線の[[外方１寸５分 ]],【八会穴の骨会】 ,僧帽筋<副N・頸N叢の枝>/菱形筋<肩甲背N>/脊柱起立筋<脊髄N後枝> ,胸N後技 ,頸横Aの技・肋間A背枝 ,S 
足の太陽膀胱経,風門 ,上背部、[[第２胸椎棘突起下縁]]と同じ高さ、後正中線の[[外方１寸５分 ]], ,僧帽筋<副N・頸N叢の枝>/菱形筋<肩甲背N>/脊柱起立筋<脊髄N後枝> ,胸N後技 ,頸橫Aの枝・肋間A背枝 ,S 
足の太陽膀胱経,肺兪 ,上背部、[[第３胸椎棘突起下縁]]と同じ高さ、後正中線の[[外方１寸５分 ]],【肺の背部兪穴】 ,僧帽筋<副N・頸N叢の枝>/菱形筋<肩甲背N>/脊柱起立筋<脊髄N後枝> ,胸N後技 ,頸橫Aの枝・肋間A背枝 ,S 
足の太陽膀胱経,厥陰兪 ,上背部、[[第４胸椎棘突起下縁]]と同じ高さ、後正中線の[[外方１寸５分 ]],【心包の背部兪穴】 ,僧帽筋<副N・頸N叢の枝>/菱形筋<肩甲背N>/脊柱起立筋<脊髄N後枝> ,胸N後技 ,頸橫Aの枝・肋間A背枝 ,B 
足の太陽膀胱経,心兪 ,上背部、[[第５胸椎棘突起下縁]]と同じ高さ、後正中線の[[外方１寸５分 ]],【心の背部兪穴】 ,僧帽筋<副N・頸N叢の枝>/菱形筋<肩甲背N>/脊柱起立筋<脊髄N後枝> ,胸N後技 ,頸横Aの枝・肋間A背枝 ,S 
足の太陽膀胱経,督兪 ,上背部、[[第６胸椎棘突起下縁]]と同じ高さ、後正中線の[[外方１寸５分 ]], ,僧帽筋<副N・頸N叢の枝>/脊柱起立筋<脊髄N後枝> ,胸N後技 ,頸横Aの枝・肋間A背枝 ,C 
足の太陽膀胱経,膈兪 ,上背部、[[第７胸椎棘突起下縁]]と同じ高さ、後正中線の[[外方１寸５分 ]],【八会穴の血会】 ,僧帽筋<副N・頸N叢の枝>/脊柱起立筋<脊髄N後枝> ,胸N後枝 ,肋間A背枝 ,S 
足の太陽膀胱経,肝兪 ,上背部、[[第９胸椎棘突起下縁]]と同じ高さ、後正中線の[[外方１寸５分 ]],【肝の背部兪穴】 ,僧帽筋<副N・頸N叢の枝>/広背筋<胸背N>/脊柱起立筋<脊髄N後枝> ,胸N後技 ,肋間A背枝 ,S 
足の太陽膀胱経,胆兪 ,上背部、[[第１０胸椎棘突起下縁]]と同じ高さ、後正中線の[[外方１寸５分 ]],【胆の背部兪穴】 ,腰背腱膜/広背筋<胸背N>/脊柱起立筋<脊髄N後枝> ,胸N後技 ,肋間A背枝 ,A 
足の太陽膀胱経,脾兪 ,上背部、[[第１１胸椎棘突起下縁]]と同じ高さ、後正中線の[[外方１寸５分 ]],【脾の背部兪穴】 ,腰背腱膜/広背筋<胸背N>/脊柱起立筋<脊髄N後枝> ,胸N後技 ,肋間A背枝 ,S 
足の太陽膀胱経,胃兪 ,上背部、[[第１２胸椎棘突起下縁]]と同じ高さ、後正中線の[[外方１寸５分 ]],【胃の背部兪穴】 ,腰背腱膜/広背筋<胸背N>/脊柱起立筋<脊髄N後枝> ,胸N後技 ,肋間A背枝 ,S 
足の太陽膀胱経,三焦兪 ,腰部、[[第１腰椎棘突起下縁]]と同じ高さ、後正中線の[[外方１寸５分 ]],【三焦の背部兪穴】 ,腰背腱膜/脊柱起立筋<脊髄N後枝> ,腰N後枝 ,腰A背枝 ,A 
足の太陽膀胱経,腎兪 ,腰部、[[第２腰椎棘突起下縁]]と同じ高さ、後正中線の[[外方１寸５分 ]],【腎の背部兪穴】 ,腰背腱膜/脊柱起立筋<脊髄N後枝> ,腰N後枝 ,腰A背枝 ,S 
足の太陽膀胱経,気海兪 ,腰部、[[第３腰椎棘突起下縁]]と同じ高さ、後正中線の[[外方１寸５分 ]], ,腰背腱膜/脊柱起立筋<脊髄N後枝> ,腰N後枝 ,腰A背枝 ,C 
足の太陽膀胱経,大腸兪 ,腰部、[[第４腰椎棘突起下縁]]と同じ高さ、後正中線の[[外方１寸５分 ]],【大腸の背部兪穴】 ,腰背腱膜/脊柱起立筋<脊髄N後枝> ,腰N後枝 ,腰A背枝 ,S 
足の太陽膀胱経,関元兪 ,腰部、[[第５腰椎棘突起下縁]]と同じ高さ、後正中線の[[外方１寸５分 ]], ,腰背腱膜/仙棘筋<脊髄N後枝> ,腰N後枝 ,腰A背枝 ,C 
足の太陽膀胱経,小腸兪 ,仙骨部、[[第１後仙骨孔]]と同じ高さ、正中仙骨稜の[[外方１寸５分 ]],【小腸の背部兪穴】 ,腰背腱膜/仙棘筋<脊髄N後枝> ,中殿皮N ,外側仙骨A ,B 
足の太陽膀胱経,膀胱兪 ,仙骨部、[[第２後仙骨孔]]と同じ高さ、正中仙骨稜の[[外方１寸５分 ]],【膀胱の背部兪穴】 ,腰背腱膜/大殿筋<下殿N>/仙棘筋<脊髄N後枝> ,中殿皮N ,外側仙骨A ,A 
足の太陽膀胱経,中膂兪 ,仙骨部、[[第３後仙骨孔]]と同じ高さ、正中仙骨稜の[[外方１寸５分 ]], ,大殿筋<下殿N> ,中殿皮N ,外側仙骨A ,C 
足の太陽膀胱経,白環兪 ,仙骨部、[[第４後仙骨孔]]と同じ高さ、正中仙骨稜の[[外方１寸５分 ]], ,大殿筋<下殿N> ,中殿皮N ,外側仙骨A ,C 
足の太陽膀胱経,上髎 ,仙骨部、[[第１後仙骨孔 ]], ,腰背腱膜/仙棘筋<脊随N後枝> ,中殿皮N ,外側仙骨A ,A 
足の太陽膀胱経,次髎 ,仙骨部、[[第２後仙骨孔 ]], ,腰背腱膜/仙棘筋<脊随N後枝> ,中殿皮N ,外側仙骨A ,S 
足の太陽膀胱経,中髎 ,仙骨部、[[第３後仙骨孔 ]], ,腰背腱膜/仙棘筋<脊随N後枝> ,中殿皮N ,外側仙骨A ,A 
足の太陽膀胱経,下髎 ,仙骨部、[[第４後仙骨孔 ]], ,腰背腱膜/仙棘筋<脊随N後枝> ,中殿皮N ,外側仙骨A ,A 
足の太陽膀胱経,会陽 ,殿部、[[尾骨下端外方５分 ]], ,大殿筋<下殿N> ,会陰N(陰部Nの枝) ,下直腸A ,C 
足の太陽膀胱経,承扶 ,殿部、[[殿溝の中点 ]], ,大殿筋<下殿N>/大腿二頭筋長頭<脛骨N> ,後大腿皮N ,下殿A ,A 
足の太陽膀胱経,殷門 ,大腿部後面、大腿二頭筋と半腱様筋の間、[[殿溝の下方６寸 ]], ,半腱様筋・大腿二頭筋長頭<脛骨N> ,後大腿皮N ,貫通A ,B 
足の太陽膀胱経,浮郄 ,膝後面、[[大腿二頭筋腱の内縁]]、膝窩横紋の[[上方１寸 ]], ,大腿二頭筋長頭<脛骨N>/大腿二頭筋短頭<総腓骨N> ,後大腿皮N ,貫通A ,C 
足の太陽膀胱経,委陽 ,膝後外側、[[大腿二頭筋腱の内縁]]、[[膝窩横紋上 ]],【三焦の下合穴】 ,大腿二頭筋長頭・腓腹筋(外側頭)<脛骨N>/大腿二頭筋短頭<腓骨N> ,後大腿皮N ,外側上膝A ,B 
足の太陽膀胱経,委中 ,膝後面、[[膝窩横紋の中点 ]],【膀胱の合土穴】 【四総穴/腰背】 【膀胱の下合穴】 , ,後大腿皮N ,膝窩A ,S 
足の太陽膀胱経,附分 ,上背部、[[第２胸椎棘突起下縁]]と同じ高さ、後正中線の[[外方３寸 ]], ,僧帽筋<副N・頸N叢の枝)/菱形筋<肩甲背N>/腸肋筋腱<脊髄N後枝> ,胸N後技 ,頸横A ,C 
足の太陽膀胱経,魄戸 ,上背部、[[第３胸椎棘突起下縁]]と同じ高さ、後正中線の[[外方３寸 ]], ,僧帽筋<副N・頸N叢の枝)/菱形筋<肩甲背N>/腸肋筋腱<脊髄N後枝> ,胸N後技 ,頸横A ,C 
足の太陽膀胱経,膏肓 ,上背部、[[第４胸椎棘突起下縁]]と同じ高さ、後正中線の[[外方３寸 ]], ,僧帽筋<副N・頸N叢の枝)/菱形筋<肩甲背N>/腸肋筋腱<脊髄N後枝> ,胸N後技 ,頸橫A ,A 
足の太陽膀胱経,神堂 ,上背部、[[第５胸椎棘突起下縁]]と同じ高さ、後正中線の[[外方３寸 ]], ,僧帽筋<副N・頸N叢の枝)/菱形筋<肩甲背N>/腸肋筋腱<脊髄N後枝> ,胸N後技 ,頸橫A ,C 
足の太陽膀胱経,譩譆 ,上背部、[[第６胸椎棘突起下縁]]と同じ高さ、後正中線の[[外方３寸 ]], ,菱形筋<肩甲背N>/腸肋筋腱<脊髄N後枝> ,胸N後枝 ,頸横A深枝 ,C 
足の太陽膀胱経,膈関 ,上背部、[[第７胸椎棘突起下縁]]と同じ高さ、後正中線の[[外方３寸 ]], ,広背筋<胸背N>/腸肋筋腱<脊髄N後枝> ,胸N後枝 ,肋間A背枝 ,C 
足の太陽膀胱経,魂門 ,上背部、[[第９胸椎棘突起下縁]]と同じ高さ、後正中線の[[外方３寸 ]], ,広背筋<胸背N>/腸肋筋腱<脊髄N後枝> ,胸N後枝 ,肋間A背枝 ,C 
足の太陽膀胱経,陽綱 ,上背部、[[第１０胸椎棘突起下縁]]と同じ高さ、後正中線の[[外方３寸 ]], ,広背筋<胸背N>/腸肋筋腱<脊髄N後枝> ,胸N後枝 ,肋間A背枝 ,C 
足の太陽膀胱経,意舎 ,上背部、[[第１１胸椎棘突起下縁]]と同じ高さ、後正中線の[[外方３寸 ]], ,広背筋<胸背N>/腸肋筋腱<脊髄N後枝> ,胸N後枝 ,肋間A背枝 ,C 
足の太陽膀胱経,胃倉 ,上背部、[[第１２胸椎棘突起下縁]]と同じ高さ、後正中線の[[外方３寸 ]], ,広背筋<胸背N>/腸肋筋腱<脊髄N後枝> ,胸N後枝 ,肋間A背枝 ,C 
足の太陽膀胱経,肓門 ,腰部、[[第１腰椎棘突起下縁]]と同じ高さ、後正中線の[[外方３寸 ]], ,広背筋<胸背N>/腸肋筋腱<脊髄N後枝> ,腰N後枝 ,腰A背枝 ,C 
足の太陽膀胱経,志室 ,腰部、[[第２腰椎棘突起下縁]]と同じ高さ、後正中線の[[外方３寸 ]], ,広背筋<胸背N>/腸肋筋腱<脊髄N後枝> ,腰N後枝 ,腰A背枝 ,A 
足の太陽膀胱経,胞肓 ,殿部、[[第２後仙骨孔]]と同じ高さ、正中仙骨稜の[[外方３寸 ]], ,大殿筋<下殿N>/中殿筋<上殿N> ,中殿皮N・上殿皮N ,上殿A・下殿A ,C 
足の太陽膀胱経,秩辺 ,殿部、[[第４後仙骨孔]]と同じ高さ、正中仙骨稜の[[外方３寸 ]], ,大殿筋<下殿N>/中殿筋<上殿N> ,中殿皮N・上殿皮N ,上殿A・下殿A ,A 
足の太陽膀胱経,合陽 ,下腿後面、[[腓腹筋]]外側頭と内側頭[[の間]]、膝窩横紋の[[下方２寸 ]], ,腓腹筋<脛骨N> ,内側腓腹皮N ,後脛骨A ,C 
足の太陽膀胱経,承筋 ,下腿後面、[[腓腹筋]]の両筋腹[[の間]]、膝窩横紋の[[下方５寸 ]], ,腓腹筋<脛骨N> ,内側腓腹皮N ,後脛骨A ,B 
足の太陽膀胱経,承山 ,下腿後面、[[腓腹筋筋腹とアキレス腱の移行部 ]], ,腓腹筋<脛骨N>/アキレス腱 ,内側腓腹皮N ,後脛骨A ,S 
足の太陽膀胱経,飛揚 ,下腿後外側、[[腓腹筋外側頭下縁とアキレス腱の間]]、崑崙の[[上方７寸 ]],【膀胱経の絡穴】 ,腓腹筋・ヒラメ筋<脛骨N>/アキレス腱 ,外側腓腹皮N ,腓骨A ,A 
足の太陽膀胱経,跗陽 ,下腿後外側、腓骨とアキレス腱の間、[[崑崙の上方３寸 ]],【陽蹻脈の郄穴】 ,短腓骨筋<浅腓骨N>/ヒラメ筋<脛骨N>/アキレス腱 ,腓腹N ,腓骨A ,B 
足の太陽膀胱経,崑崙 ,足関節後外側、[[外果尖とアキレス腱の間]]の陥凹部 ,【膀胱経の経火穴】 ,アキレス腱 ,腓腹N ,腓骨A ,S 
足の太陽膀胱経,僕参 ,足外側、[[崑崙の下方]]、踵骨外側、[[赤白肉際 ]], , ,外側踵骨枝(非腹Nの技) ,踵骨枝(腓骨Aの枝) ,C 
足の太陽膀胱経,申脈 ,足外側、[[外果尖の直下]]、外果下縁と踵骨の間の陥凹部 ,【八脈交会穴】 ,長腓骨筋腱・短腓骨筋腱<浅腓骨N> ,外側足背皮N ,外果A網(腓骨Aの技) ,A 
足の太陽膀胱経,金門 ,足背、外果前縁の遠位、第５中足骨粗面の後方、[[立方骨]]下方の陥凹部 ,【膀胱経の郄穴】 ,長腓骨筋腱・短腓骨筋腱<浅腓骨N> ,外側足背皮N ,外果A網(外側足根Aの枝) ,B 
足の太陽膀胱経,京骨 ,足外側、[[第５中足骨粗面の遠位]]、[[赤白肉際 ]],【膀胱の原穴】 ,小指外転筋<外側足底N> ,外側足背皮N ,外側足根Aの枝 ,A 
足の太陽膀胱経,束骨 ,足外側、[[第５中足指節関節外側の近位]]陥凹部、[[赤白肉際 ]],【膀胱経の兪木穴】 ,小指外転筋<外側足底N(脛骨N)> ,外側足背皮N(腓腹Nの枝) ,外背指A ,A 
足の太陽膀胱経,足通谷 ,足の第５指、[[第５中足指節関節外側の遠位]]陥凹部、[[赤白肉際 ]],【膀胱経の滎水穴】 , ,外側足背皮N(腓腹Nの枝) ,外背指A ,A 
足の太陽膀胱経,至陰 ,足の第５指、[[末節骨外側]]、爪甲角の近位外方１分(指寸)、爪甲外側縁の垂線と爪甲基底部の水平線の交点 ,【膀胱経の井金穴】 , ,外側足背皮N(腓腹Nの枝) ,外背指A ,A 
10.足の少陰腎経 ,,,,,,,
経絡,経穴 ,部位 ,要穴 ,筋肉<神経(筋枝)> ,神経(皮枝) ,血管 ,ランク 
足の少陰腎経 ,湧泉 ,足底、足指屈曲時、足底の最陥凹部 ,【腎経の井木穴】 ,足底腱膜・短指屈筋<内側足底N> ,内側足底N ,底側中足A ,S 
足の少陰腎経 ,然谷 ,足内側、[[舟状骨粗面の下方]]、赤白肉際 ,【腎経の滎火穴】 ,後脛骨筋腱(脛骨N)/母指外転筋(内側足底N) ,内側足底N ,内側足底A ,A 
足の少陰腎経 ,太渓 ,足関節後内側、[[内果尖とアキレス腱の間]]の陥凹部 ,【腎経の原穴】 【腎経の兪土穴】 ,長指屈筋(脛骨N)/アキレス腱 ,伏在N ,後脛骨A ,S 
足の少陰腎経 ,大鍾 ,足内側、[[内果後下方]]、踵骨上方、アキレス腱付着部内側前方の陥凹部 ,【腎経の絡穴】 ,アキレス腱 ,伏在N ,後脛骨A ,B 
足の少陰腎経 ,水泉 ,足内側、[[太渓の下方１寸]]、踵骨隆起前方の陥凹部 ,【腎経の郄穴】 , ,伏在N・内側踵骨枝(脛骨Nの技) ,踵骨枝(後脛骨Aの枝) ,A 
足の少陰腎経 ,照海 ,足内側、[[内果尖の下方１寸]]、内果下方の陥凹部 ,【八脈交会穴】 ,後脛骨筋腱・長指屈筋腱<脛骨N> ,伏在N ,後脛骨A ,A 
足の少陰腎経 ,復溜 ,下腿後内側、[[アキレス腱の前縁]]、[[内果尖の上方２寸 ]],【腎経の経金穴】 ,長母指屈筋・長指屈筋・ヒラメ筋<脛骨N>/アキレス腱 ,伏在N ,後脛骨A ,S 
足の少陰腎経 ,交信 ,下腿内側、[[脛骨内縁の後方の陥凹部]]、[[内果尖の上方２寸 ]],【陰蹻脈の郄穴】 ,後脛骨筋・長指屈筋<脛骨N> ,伏在N ,後脛骨A ,B 
足の少陰腎経 ,築賓 ,下腿後内側、[[ヒラメ筋とアキレス腱の間]]、[[内果尖の上方５寸 ]],【陰維脈の郄穴】 ,ヒラメ筋<脛骨N>/アキレス腱 ,伏在N ,後脛骨A ,A 
足の少陰腎経 ,陰谷 ,膝後内側、[[半腱様筋腱の外縁]]、[[膝窩横紋上 ]],【腎経の合水穴】 ,半腱様筋腱・腓腹筋(内側頭)<脛骨N> ,伏在N ,内側下膝A ,A 
足の少陰腎経 ,横骨 ,下腹部、[[臍中央の下方５寸]]、前正中線の[[外方５分 ]], ,錐体筋・腹直筋<肋間N> ,腸骨下腹N(前皮枝)・腸骨鼡径N ,浅腹壁A・下腹壁A ,C 
足の少陰腎経 ,大赫 ,下腹部、臍中央の[[下方４寸]]、前正中線の[[外方５分 ]], ,腹直筋<肋間N> ,腸骨下腹N(前皮枝) ,浅腹壁A・下腹壁A ,C 
足の少陰腎経 ,気穴 ,下腹部、臍中央の[[下方３寸]]、前正中線の[[外方５分 ]], ,腹直筋<肋間N> ,肋間N(前皮枝)・腸骨下腹N(前皮枝) ,浅腹壁A・下腹壁A ,C 
足の少陰腎経 ,四満 ,下腹部、臍中央の[[下方２寸]]、前正中線の[[外方５分 ]], ,腹直筋<肋間N> ,肋間N(前皮枝) ,浅腹壁A・下腹壁A ,C 
足の少陰腎経 ,中注 ,下腹部、臍中央の[[下方１寸]]、前正中線の[[外方５分 ]], ,腹直筋<肋間N> ,肋間N(前皮枝) ,浅腹壁A・下腹壁A ,C 
足の少陰腎経 ,肓兪 ,上腹部、[[臍中央の外方５分 ]], ,腹直筋<肋間N> ,肋間N(前皮枝) ,浅腹壁A・下腹壁A・上腹壁A ,B 
足の少陰腎経 ,商曲 ,上腹部、臍中央の[[上方２寸]]、前正中線の[[外方５分 ]], ,腹直筋<肋間N> ,肋間N(前皮枝) ,肋間A・上腹壁A ,C 
足の少陰腎経 ,石関 ,上腹部、臍中央の[[上方３寸]]、前正中線の[[外方５分 ]], ,腹直筋<肋間N> ,肋間N(前皮枝) ,肋間A・上腹壁A ,C 
足の少陰腎経 ,陰都 ,上腹部、臍中央の[[上方４寸]]、前正中線の[[外方５分 ]], ,腹直筋<肋間N> ,肋間N(前皮枝) ,肋間A・上腹壁A ,C 
足の少陰腎経 ,腹通谷 ,上腹部、臍中央の[[上方５寸]]、前正中線の[[外方５分 ]], ,腹直筋<肋間N> ,肋間N(前皮枝) ,肋間A・上腹壁A ,C 
足の少陰腎経 ,幽門 ,上腹部、臍中央の[[上方６寸]]、前正中線の[[外方５分 ]], ,腹直筋<肋間N> ,肋間N(前皮枝) ,肋間A・上腹壁A ,C 
足の少陰腎経 ,歩廊 ,前胸部、[[第５肋間]]、前正中線の[[外方２寸 ]], ,大胸筋<内側・外側胸筋N>/肋間筋<肋間N> ,肋間N(前皮枝) ,胸肩蜂A・内胸A ,C 
足の少陰腎経 ,神封 ,前胸部、[[第４肋間]]、前正中線の[[外方２寸 ]], ,大胸筋<内側・外側胸筋N>/肋間筋<肋間N> ,肋間N(前皮枝) ,胸肩蜂A・内胸A ,C 
足の少陰腎経 ,霊墟 ,前胸部、[[第３肋間]]、前正中線の[[外方２寸 ]], ,大胸筋<内側・外側胸筋N>/肋間筋<肋間N> ,肋間N(前皮枝) ,胸肩峰A・内胸A ,C 
足の少陰腎経 ,神蔵 ,前胸部、[[第２肋間]]、前正中線の[[外方２寸 ]], ,大胸筋<内側・外側胸筋N>/肋間筋<肋間N> ,肋間N(前皮枝) ,胸肩峰A・内胸A ,C 
足の少陰腎経 ,彧中 ,前胸部、[[第１肋間]]、前正中線の[[外方２寸 ]], ,広頸筋<顔面N(頸枝)>/大胸筋<内側・外側胸筋N>/肋間筋<肋間N> ,鎖骨上N・肋間N(前皮技) ,胸肩峰A・内胸A ,C 
足の少陰腎経 ,兪府 ,前胸部、[[鎖骨下縁]]、前正中線の[[外方２寸 ]], ,広頸筋<顔面N(頸枝)>/大胸筋<内側・外側胸筋N>/鎖骨下筋<鎖骨下筋N> ,鎖骨上N ,胸肩峰A・内胸A ,B 
11.手の厥陰心包経 ,,,,,,,
経絡,経穴 ,部位 ,要穴 ,筋肉<神経(筋枝)> ,神経(皮枝) ,血管 ,ランク 
手の厥陰心包経,天池 ,前胸部、[[第４肋間]]、[[前正中線の外方５寸 ]], ,大胸筋・小胸筋<内側・外側胸筋N>/肋間筋<肋間N> ,肋間N(外側皮枝) ,胸肩峰A・外側胸A・肋間A ,B 
手の厥陰心包経,天泉 ,上腕前面、[[上腕二頭筋長頭と短頭の間]]、腋窩横紋前端の下方[[２寸 ]], ,上腕二頭筋<筋皮N> ,内側・外側上腕皮N ,上腕A ,C 
手の厥陰心包経,曲沢 ,肘前面、[[肘窩横紋上]]、[[上腕二頭筋腱内方]]の陥凹部 ,【心包経の合水穴】 ,上腕二頭筋腱・上腕筋<筋皮N> ,内側前腕皮N ,上腕A ,S 
手の厥陰心包経,郄門 ,前腕前面、[[長掌筋腱と橈側手根屈筋腱の間]]、手関節掌側横紋の[[上方５寸 ]],【心包経の郄穴】 ,橈側手根屈筋・長学筋・浅指屈筋<正中N> ,内側・外側前腕皮N ,前骨間A ,A 
手の厥陰心包経,間使 ,前腕前面、[[長掌筋腱と橈側手根屈筋腱の間]]、手関節掌側横紋の[[上方３寸 ]],【心包経の経金穴】 ,橈側手根屈筋・長学筋・浅指屈筋<正中N> ,内側・外側前腕皮N ,前骨間A ,S 
手の厥陰心包経,内関 ,前腕前面、[[長掌筋腱と橈側手根屈筋腱の間]]、手関節掌側横紋の[[上方２寸 ]],【心包経の絡穴】 【八脈交会穴】 ,橈側手根屈筋・長学筋・浅指屈筋<正中N> ,内側・外側前腕皮N ,前骨間A ,S 
手の厥陰心包経,大陵 ,手関節前面、[[長掌筋腱と橈側手根屈筋腱の間]]、[[手関節掌側横紋上 ]],【心包の原穴】 【心包経の兪土穴】 ,橈側手根屈筋・長学筋・浅指屈筋<正中N> ,内側・外側前腕皮N ,総側手根A網 ,S 
手の厥陰心包経,労宮 ,手掌、第２・第３中手骨間、中手指節関節の近位陥凹部 ,【心包経の滎火穴】 ,浅指屈筋腱・虫様筋(第2)<正中N> ,正中N(総掌側指N) ,総掌側指A ,A 
手の厥陰心包経,中衝 ,中指、[[中指先端]]中央 ,【心包経の井木穴】 , ,正中N(固有掌側指N) ,背側指A ,A 
12.手の少陽三焦経 ,,,,,,,
経絡,経穴 ,部位 ,要穴 ,筋肉<神経(筋枝)> ,神経(皮枝) ,血管 ,ランク 
手の少陽三焦経 ,関衝 ,薬指、末節骨[[尺側]]、爪甲角の近位内方１分(指寸)、爪甲尺側縁の垂線と爪甲基底部の水平線の交点 ,【三焦経の井金穴】 , ,尺骨N(背側指N) ,背側指A ,A 
手の少陽三焦経 ,液門 ,手背、[[薬指と小指の間]]、[[みずかき]]の近位陥凹部、赤白肉際 ,【三焦経の滎水穴】 ,第4背側骨間筋<尺骨N> ,尺骨N(背側指N) ,背側指A ,A 
手の少陽三焦経 ,中渚 ,手背、第４・第５中手骨間、第４中手指節関節の近位陥凹部 ,【三焦経の兪木穴】 ,第4背側骨間筋<尺骨N> ,尺骨N(背側指N) ,背側指A ,S 
手の少陽三焦経 ,陽池 ,手関節後面、[[総指伸筋腱の尺側陥凹部]]、[[手関節背側横紋上 ]],【三焦の原穴】 ,総指伸筋腱・小指伸筋腱<橈骨N> ,後前腕皮N・橈骨N浅枝 ,背側手根A網 ,A 
手の少陽三焦経 ,外関 ,前腕後面、[[橈骨と尺骨の骨間の中点]]、手関節背側横紋の上方[[２寸 ]],【三焦経の絡穴】 【八脈交会穴】 ,総指伸筋腱・小指伸筋腱<橈骨N> ,後前腕皮N ,後骨間A ,S 
手の少陽三焦経 ,支溝 ,前腕後面、[[橈骨と尺骨の骨間の中点]]、手関節背側横紋の上方[[３寸 ]],【三焦経の経火穴】 ,総指伸筋腱・小指伸筋腱<橈骨N> ,後前腕皮N ,後骨間A ,S 
手の少陽三焦経 ,会宗 ,前腕後面、[[尺骨の橈側縁]]、手関節背側横紋の上方[[３寸 ]],【三焦経の郄穴】 ,小指伸筋腱・尺側手根伸筋腱<橈骨N> ,後前腕皮N ,後骨間A ,B 
手の少陽三焦経 ,三陽絡 ,前腕後面、[[橈骨と尺骨の骨間の中点]]、手関節背側横紋の[[上方４寸 ]], ,総指伸筋腱・小指伸筋腱<橈骨N> ,後前腕皮N ,後骨間A ,C 
手の少陽三焦経 ,四瀆 ,前腕後面、[[橈骨と尺骨の骨間の中点]]、[[肘頭の下方５寸 ]], ,総指伸筋腱・小指伸筋腱<橈骨N> ,後前腕皮N ,後骨間A ,A 
手の少陽三焦経 ,天井 ,肘後面、[[肘頭の上方１寸]]、陥凹部 ,【三焦経の合土穴】 ,上腕三頭筋の共通腱<橈骨N> ,後上腕皮N ,中側副A(上腕深Aの枝) ,B 
手の少陽三焦経 ,清冷淵 ,上腕後面、肘頭と肩峰角を結ぶ線上、[[肘頭の上方２寸 ]], ,上腕三頭筋の共通腱<橈骨N> ,後上腕皮N ,中側副A(上腕深Aの枝) ,C 
手の少陽三焦経 ,消濼 ,上腕後面、肘頭と肩峰角を結ぶ線上、[[肘頭の上方５寸 ]], ,上腕三頭筋<橈骨N> ,後上腕皮N ,中側副A(上腕深Aの枝) ,B 
手の少陽三焦経 ,臑会 ,上腕後面、[[三角筋の後下縁]]、肩峰角の下方[[３寸 ]], ,三角筋<腋窩N>/上腕三頭筋<橈骨N> ,上外側上腕皮N・後上腕皮N ,後上腕回旋A ,A 
手の少陽三焦経 ,肩髎 ,肩周囲部、[[肩峰角と上腕骨大結節の間]]の陥凹部 , ,三角筋<腋窩N> ,鎖骨上N ,後上腕回旋A ,A 
手の少陽三焦経 ,天髎 ,肩甲部、[[肩甲骨上角の上方]]陥凹部 , ,僧帽筋<副N・頸N叢の枝＞ ,鎖骨上N ,頸横A浅枝 ,B 
手の少陽三焦経 ,天牖 ,前頸部、[[下顎角と同じ高さ]]、[[胸鎖乳突筋後方]]の陥凹部 , ,胸鎖乳突筋<副N・頸N叢の枝>/頭板状筋<脊髄N後枝> ,小後頭N ,浅頸A ,C 
手の少陽三焦経 ,翳風 ,前頸部、[[耳垂後方]]、[[乳様突起下端前方]]の陥凹部 , ,顎二腹筋後腹<顏面N(顎二腹筋枝)> ,大耳介N ,後耳介A ,S 
手の少陽三焦経 ,瘈脈 ,頭部、乳様突起の中央、翳風と角孫を結ぶ(耳の輪郭に沿った)曲線状、[[翳風から３分の１ ]], ,後耳介筋<顏面N(後耳介N)> ,大耳介N ,後耳介A ,C 
手の少陽三焦経 ,顱息 ,頭部、翳風と角孫を結ぶ(耳の輪郭に沿った)曲線状、[[翳風から３分の２ ]], , ,大耳介N ,後耳介A ,C 
手の少陽三焦経 ,角孫 ,頭部、[[耳尖]]のあたるところ , ,上耳介筋<顔面N(後耳介N・側頭枝)>/側頭筋<下顎N(三叉N第3枝)> ,下顎N(三叉N第3枝) ,浅側頭Aの枝 ,C 
手の少陽三焦経 ,耳門 ,顔面部、[[耳珠上の切痕]]と下顎骨の関節突起の間、陥凹部 , , ,下顎N(三叉N第3枝) ,浅側頭A ,A 
手の少陽三焦経 ,和髎 ,頭部、[[もみあげの後方]]、耳介の付け根の前方、[[浅側頭動脈の後方 ]], ,前耳介筋<顏面N(側頭枝)> ,下顎N(三叉N第3枝) ,浅側頭A ,C 
手の少陽三焦経 ,糸竹空 ,頭部、[[眉毛外端]]の陥凹部 , ,眼輪筋<顏面N(側頭枝・頬骨枝)> ,眼N(三叉N第1枝)・上顎N(三叉N第2枝) ,浅側頭A ,A 
13.足の少陽胆経 ,,,,,,,
経絡,経穴 ,部位 ,要穴 ,筋肉<神経(筋枝)> ,神経(皮枝) ,血管 ,ランク 
足の少陽胆経 ,瞳子髎 ,頭部、[[外眼角]]の外方５分、陥凹部 , ,眼輪筋<顏面N(側頭枝・頬骨枝)> ,上顎N(三叉N第2枚) ,浅側頭Aの枝 ,A 
足の少陽胆経 ,聴会 ,顔面部、[[珠間切痕]]と下顎骨関節突起の間、陥凹部 , , ,下顎N(三叉N第3枚) ,浅側頭A ,S 
足の少陽胆経 ,上関 ,頭部、[[頬骨弓中央の上際]]陥凹部 , ,側頭筋<下顎N(深側頭N)> ,下顎N(三叉N第3枚) ,浅側頭Aの枝 ,C 
足の少陽胆経 ,頷厭 ,頭部、頭維と曲鬢を結ぶ(側頭の髪際に沿った)曲線状、[[頭維から４分の１ ]], ,側頭頭頂筋<顏面N(側頭枝)>/側頭筋<下顎N(深側頭N)> ,下顎N(三叉N第3枚) ,浅側頭A(前頭枝) ,C 
足の少陽胆経 ,懸顱 ,頭部、[[頭維と曲鬢を結ぶ(側頭の髪際に沿った)曲線上の中点 ]], ,側頭頭頂筋<顏面N(側頭枝)>/側頭筋<下顎N(深側頭N)> ,下顎N(三叉N第3枚) ,浅側頭A(前頭枝) ,C 
足の少陽胆経 ,懸釐 ,頭部、頭維と曲鬢を結ぶ(側頭の髪際に沿った)曲線上、[[頭維から４分の３ ]], ,側頭頭頂筋<顏面N(側頭枝)>/側頭筋<下顎N(深側頭N)> ,下顎N(三叉N第3枚) ,浅側頭A(前頭枝) ,C 
足の少陽胆経 ,曲鬢 ,頭部、[[もみあげ]]の後縁の垂線と[[耳尖]]の水平線の[[交点 ]], ,側頭頭頂筋<顏面N(側頭枝)>/側頭筋<下顎N(深側頭N)> ,下顎N(三叉N第3枚) ,浅側頭A ,B 
足の少陽胆経 ,率谷 ,頭部、[[耳尖の直上]]、[[髪際の上方１寸５分 ]], ,側頭頭頂筋<顏面N(側頭枝)>/側頭筋<下顎N(深側頭N)> ,下顎N(三叉N第3枚)・小後頭N ,浅側頭Aの枝 ,A 
足の少陽胆経 ,天衝 ,頭部、[[耳介の付け根]]の後縁の直上、髪際の[[上方２寸 ]], ,側頭頭頂筋<顏面N(側頭枝)>/側頭筋<下顎N(深側頭N)> ,小後頭N ,浅側頭Aの枝 ,C 
足の少陽胆経 ,浮白 ,頭部、乳様突起の後上方、天衝と完骨を結ぶ(耳の輪郭に沿った)曲線状、[[天衝から３分の１ ]], ,側頭頭頂筋<顏面N(側頭枝)>/側頭筋<下顎N(深側頭N)> ,小後頭N ,後耳介A ,C 
足の少陽胆経 ,頭竅陰 ,頭部、乳様突起の後上方、天衝と完骨を結ぶ(耳の輪郭に沿った)曲線状、[[天衝から３分の２ ]], ,後頭筋<顔面N(後頭枝)> ,小後頭N ,後耳介A ,C 
足の少陽胆経 ,完骨 ,前頸部、[[乳様突起の後下方]]、陥凹部 , ,胸鎖乳突筋<副N・頸N叢の枝>/頭板状筋<脊髄N後枝> ,小後頭N ,後頭A ,A 
足の少陽胆経 ,本神 ,頭部、[[前髪際の後方５分]]、前正中線の[[外方３寸 ]], ,前頭筋<顔面N(側頭枝)> ,眼N(三叉N第1枝) ,眼窩上A ,B 
足の少陽胆経 ,陽白 ,頭部、[[眉の上方１寸]]、[[瞳孔線上 ]], ,前頭筋<顔面N(側頭枝)> ,眼N(三叉N第1枝) ,眼窩上A ,A 
足の少陽胆経 ,頭臨泣 ,頭部、[[前髪際から入ること５分]]、[[瞳孔線上 ]], ,前頭筋<顔面N(側頭枝)> ,眼N(三叉N第1枝) ,眼窩上A ,B 
足の少陽胆経 ,目窓 ,頭部、前髪際から入ること[[１寸５分]]、[[瞳孔線上 ]], ,帽状腱膜 ,眼N(三叉N第1枝) ,眼窩上A・浅側頭A(前頭枝) ,C 
足の少陽胆経 ,正営 ,頭部、前髪際から入ること[[２寸５分]]、[[瞳孔線上 ]], ,帽状腱膜 ,眼N(三叉N第1枝) ,眼窩上A・浅側頭A(前頭枝) ,C 
足の少陽胆経 ,承霊 ,頭部、前髪際から入ること[[４寸]]、[[瞳孔線上 ]], ,帽状腱膜 ,眼N(三叉N第1枝)・大後頭N ,眼窩上A・浅側頭A(前頭枝)・後頭A ,C 
足の少陽胆経 ,脳空 ,頭部、[[外後頭隆起上縁]]と同じ高さ、[[風池の直上 ]], ,後頭筋<顔面N(後頭枝)> ,大後頭N ,後頭A ,C 
足の少陽胆経 ,風池 ,前頸部、[[後頭骨の下方]]、胸鎖乳突筋と僧帽筋の起始部の間、陥凹部 , ,胸鎖乳突筋・僧帽筋<副N・頸N叢の枝>/頭板状筋・頭半棘筋<脊髄N後枝> ,頸N後枝 ,後頭A ,S 
足の少陽胆経 ,肩井 ,後頸部、[[第７頸椎棘突起と肩峰外縁を結ぶ線上の中点 ]], ,僧帽筋く副N・頸N叢の枝> ,鎖骨上N ,頸橫A ,A 
足の少陽胆経 ,淵腋 ,側胸部、[[第４肋間]]、[[中腋窩線上 ]], ,前鋸筋<長胸N>/肋間筋<肋間N> ,肋間N(外側皮枝) ,外側胸A・胸背A・肋間A ,C 
足の少陽胆経 ,輒筋 ,側胸部、[[第４肋間]]、[[中腋窩線の前方１寸 ]], ,前鋸筋<長胸N>/肋間筋<肋間N> ,肋間N(外側皮枝) ,外側胸A・胸背A・肋間A ,C 
足の少陽胆経 ,日月 ,前胸部、[[第７肋間]]、[[前正中線の外方４寸 ]],【胆の募穴】 ,大胸筋<内側・外側胸筋N> ,肋間N(前皮枝・外側皮枝) ,肋間A ,A 
足の少陽胆経 ,京門 ,側腹部、[[第１２肋骨端下縁 ]],【腎の募穴】 ,広背筋<胸背N>/外腹斜筋・内腹斜筋<肋間N・腸骨下腹N/腸骨鼡径N＞ ,肋間N(外側皮枝) ,肋間A ,A 
足の少陽胆経 ,帯脈 ,側腹部、[[第１１肋骨端下方]]、[[臍中央と同じ高さ ]], ,外腹斜筋・内腹斜筋<肋間N・腸骨下腹N＞ ,肋間N(外側皮枝) ,肋間A ,B 
足の少陽胆経 ,五枢 ,下腹部、[[臍中央の下方３寸]]、[[上前腸骨棘の内方 ]], ,外腹斜筋・内腹斜筋<肋間N・腸骨下腹N＞ ,腸骨下腹N(外側皮枝) ,浅・深腸骨回旋A ,C 
足の少陽胆経 ,維道 ,下腹部、[[上前腸骨棘の内下方５分 ]], ,外腹斜筋・内腹斜筋<肋間N・腸骨下腹N＞ ,腸骨下腹N(外側皮枝) ,浅・深腸骨回旋A ,C 
足の少陽胆経 ,居髎 ,殿部、[[上前腸骨棘と大転子頂点の中点 ]], ,大腿筋膜張筋・中殿筋<上殿N> ,上殿皮N・腸骨下腹N(外側皮枝) ,外側大腿回旋A(上行枝)・上殿A ,A 
足の少陽胆経 ,環跳 ,殿部、大転子の頂点と仙骨裂孔を結ぶ線上、[[大転子頂点から３分の１ ]], ,大殿筋<下殿N> ,上殿皮N・下殿皮N ,上殿A・下殿A ,S 
足の少陽胆経 ,風市 ,大腿部外側、直立して腕を下垂し、手掌を大腿部に付けたとき、[[中指の先端があたる腸脛靭帯の後方]]陥凹部 , ,腸脛靱帯/大腿二頭筋長頭<脛骨N>/大腿二頭筋短頭<総腓骨N>/外側広筋<大腿N> ,外側大腿皮N ,外側大腿回旋A(下行枝) ,S 
足の少陽胆経 ,中瀆 ,大腿部外側、[[腸脛靭帯の後方]]で、膝窩横紋の[[上方７寸 ]], ,腸脛靱帯/大腿二頭筋長頭<脛骨N>/大腿二頭筋短頭<総腓骨N>/外側広筋<大腿N> ,外側大腿皮N ,外側大腿回旋A(下行枝) ,C 
足の少陽胆経 ,膝陽関 ,膝外側、[[大腿二頭筋腱と腸脛靭帯の間]]の陥凹部、大腿骨外側上顆の後上縁 , ,腸脛靱帯/大腿二頭筋長頭<脛骨N>/大腿二頭筋短頭<総腓骨N> ,外側大腿皮N ,外側上膝A ,A 
足の少陽胆経 ,陽陵泉 ,下腿外側、[[腓骨頭前下方]]の陥凹部 ,【胆経の合土穴】 【八会穴の筋会】 【胆の下合穴】 ,長腓骨筋<浅腓骨N> ,外側腓腹皮N ,腓骨回旋枝(後脛骨A) ,S 
足の少陽胆経 ,陽交 ,下腿外側、[[腓骨の後方]]、外果尖の[[上方７寸 ]],【陽維脈の郄穴】 ,長腓骨筋<浅腓骨N>/ヒラメ筋<脛骨N> ,外側腓腹皮N ,前脛骨Aの枚 ,B 
足の少陽胆経 ,外丘 ,下腿外側、腓骨の[[前方]]、外果尖の[[上方７寸 ]],【胆経の郄穴】 ,長腓骨筋<浅腓骨N> ,外側腓腹皮N ,前脛骨Aの技 ,B 
足の少陽胆経 ,光明 ,下腿外側、腓骨の[[前方]]、外果尖の[[上方５寸 ]],【胆経の絡穴】 ,長腓骨筋・短腓骨筋<浅腓骨N> ,外側腓腹皮N ,前脛骨Aの技 ,A 
足の少陽胆経 ,陽輔 ,下腿外側、腓骨の[[前方]]、外果尖の[[上方４寸 ]],【胆経の経火穴】 ,短腓骨筋<浅腓骨N> ,外側腓腹皮N・浅腓骨N ,前脛骨Aの技 ,B 
足の少陽胆経 ,懸鍾 ,下腿外側、腓骨の[[前方]]、外果尖の[[上方３寸 ]],【八会穴の髄会】 ,短腓骨筋<浅腓骨N> ,外側腓腹皮N・浅腓骨N ,前脛骨Aの技 ,S 
足の少陽胆経 ,丘墟 ,足関節前外側、長指伸筋腱外側の陥凹部、[[外果尖の前下方 ]],【胆の原穴】 ,長指伸筋腱<深腓骨N> ,浅腓骨N ,外果A網 ,S 
足の少陽胆経 ,足臨泣 ,足背、[[第４・第５中足骨底接合部の遠位]]、[[第５指の長指伸筋腱外側の陥凹部 ]],【胆経の兪木穴】 【八脈交会穴】 ,第4背側骨間筋<外側足底N> ,浅腓骨N ,第4背側中足A ,A 
足の少陽胆経 ,地五会 ,足背、[[第４・第５]]中足骨間、第４[[中足指節関節の近位]]陥凹部 , ,第4背側骨間筋<外側足底N> ,浅腓骨N ,第4背側中足A ,C 
足の少陽胆経 ,侠渓 ,足背、[[第４・第５]]指間、[[みずかき]]の近位、赤白肉際 ,【胆経の滎水穴】 ,第4背側骨間筋<外側足底N> ,浅腓骨N ,背側指A ,A 
足の少陽胆経 ,足竅陰 ,足の[[第４指]]、末節骨[[外側]]、爪甲角の近位外方１分(指寸)爪甲外側縁の垂線と爪甲基底部の水平線との交点 ,【胆経の井金穴】 , ,浅腓骨N ,背側指A ,A 
14足の厥陰肝経 ,,,,,,,
 経絡,経穴 ,部位 ,要穴 ,筋肉<神経(筋枝)> ,神経(皮枝) ,血管 ,ランク 
足の厥陰肝経 ,大敦 ,足の第１指、末節骨[[外側]]、爪甲角の近位外方１分(指寸)、爪甲外側縁の垂線と爪甲基底部の水平線の交点 ,【肝経の井木穴】 , ,深腓骨N ,背側指A ,A 
足の厥陰肝経 ,行間 ,足背、[[第１・第２指間]]、[[みずかき]]の近位、赤白肉際 ,【肝経の滎火穴】 , ,深腓骨N ,背側指A ,S 
足の厥陰肝経 ,太衝 ,足背、[[第１・第２]]中足骨間、[[中足骨底接合部遠位]]の陥凹部、[[足背動脈拍動部 ]],【肝の原穴】 【肝経の兪土穴】 ,第1背側骨間筋<外側足底N> ,深腓骨N ,足背A ,S 
足の厥陰肝経 ,中封 ,足関節前内側、[[前脛骨筋腱内側]]の陥凹部、[[内果尖の前方 ]],【肝経の経金穴】 ,前脛骨筋腱<深腓骨N> ,伏在N ,前内果A ,A 
足の厥陰肝経 ,蠡溝 ,下腿前内側、[[脛骨内側面の中央]]、内果尖の[[上方５寸 ]],【肝経の絡穴】 , ,伏在N ,下行膝Aの技 ,A 
足の厥陰肝経 ,中都 ,下腿前内側、[[脛骨内側面の中央]]、内果尖の[[上方７寸 ]],【肝経の郄穴】 , ,伏在N ,下行膝Aの技 ,B 
足の厥陰肝経 ,膝関 ,下腿脛骨面、脛骨内側顆の下方、[[陰陵泉の後方１寸 ]], ,薄筋<閉鎖N>/半腱様筋<脛骨N> ,伏在N ,内側下膝A•下行膝A(伏在枝) ,B 
足の厥陰肝経 ,曲泉 ,膝内側、[[半腱・半膜様筋腱内側]]の陥凹部、[[膝窩横紋の内側端 ]],【肝経の合水穴】 ,薄筋<閉鎖N>/半腱様筋腱・半膜様筋腱<脛骨N> ,伏在N ,内側下膝A•下行膝A(伏在枝) ,A 
足の厥陰肝経 ,陰包 ,大腿部内側、[[薄筋と縫工筋の間]]、膝蓋骨底の[[上方４寸 ]], ,縫工筋<大腿N>/薄筋<閉鎖N> ,閉鎖N ,下行膝A(大腿Aの枝) ,C 
足の厥陰肝経 ,足五里 ,大腿部内側、[[気衝の下方３寸]]、[[動脈拍動部 ]], ,恥骨筋<大腿N>/長内転筋<閉鎖N> ,陰部大腿N ,大腿A ,C 
足の厥陰肝経 ,陰廉 ,大腿部内側、[[気衝の下方２寸 ]], ,恥骨筋<大腿N> ,陰部大腿N ,大腿A ,C 
足の厥陰肝経 ,急脈 ,鼡径部、[[恥骨結合上縁と同じ高さ]]、前正中線の[[外方２寸５分 ]], ,外腹斜筋<肋間N・腸骨下腹N>/内腹斜筋<肋間N・腸骨下腹N・腸骨鼡径N>/精巣挙筋(男子)<陰部大腿N> ,腸骨下腹N(前皮枝)・腸骨鼡径N ,浅腹壁A・下腹壁A ,C 
足の厥陰肝経 ,章門 ,側腹部、[[第１１肋骨端下縁 ]],【脾の募穴】 【八会穴の臓会】 ,外腹斜筋・内腹斜筋<肋間N> ,肋間N(外側皮枝) ,肋間A ,S 
足の厥陰肝経 ,期門 ,前胸部、[[第６肋間]]、前正中線の[[外方４寸 ]],【肝の募穴】 ,大胸筋<内側・外側胸筋N> ,肋間N(前皮枝・外側皮枝) ,肋間A・胸肩峰A ,S 
